，,1
的,2
。,3
、,4
一,5
国,6
在,7
中,8
了,9
是,10
人,11
和,12
有,13
大,14
不,15
１,16
年,17
为,18
０,19
会,20
”,21
“,22
业,23
上,24
这,25
发,26
地,27
作,28
个,29
出,30
行,31
要,32
家,33
对,34
以,35
工,36
学,37
到,38
日,39
经,40
来,41
生,42
２,43
成,44
９,45
部,46
多,47
们,48
时,49
民,50
我,51
他,52
进,53
市,54
全,55
政,56
于,57
理,58
实,59
新,60
方,61
公,62
下,63
主,64
开,65
本,66
长,67
法,68
展,69
动,70
５,71
同,72
产,73
就,74
现,75
３,76
重,77
力,78
高,79
分,80
关,81
自,82
后,83
加,84
建,85
与,86
用,87
能,88
场,89
前,90
月,91
合,92
说,93
过,94
者,95
队,96
美,97
面,98
员,99
等,100
定,101
化,102
小,103
得,104
济,105
报,106
６,107
天,108
也,109
事,110
机,111
而,112
制,113
４,114
之,115
区,116
文,117
利,118
７,119
体,120
将,121
心,122
好,123
社,124
从,125
可,126
８,127
平,128
科,129
务,130
总,131
问,132
代,133
电,134
外,135
度,136
：,137
种,138
资,139
子,140
金,141
表,142
两,143
元,144
次,145
其,146
企,147
内,148
里,149
各,150
当,151
今,152
保,153
起,154
北,155
党,156
入,157
提,158
还,159
世,160
题,161
着,162
明,163
都,164
设,165
所,166
教,167
万,168
十,169
系,170
位,171
名,172
最,173
特,174
；,175
目,176
已,177
组,178
品,179
比,180
立,181
强,182
基,183
正,184
意,185
使,186
通,187
些,188
委,189
农,190
第,191
水,192
界,193
术,194
—,195
西,196
三,197
记,198
由,199
此,200
并,201
道,202
活,203
技,204
决,205
海,206
议,207
论,208
司,209
任,210
向,211
改,212
斯,213
赛,214
领,215
如,216
统,217
点,218
间,219
及,220
导,221
际,222
门,223
解,224
因,225
然,226
去,227
南,228
期,229
但,230
情,231
联,232
军,233
安,234
府,235
京,236
应,237
量,238
管,239
性,240
增,241
《,242
》,243
亚,244
干,245
持,246
院,247
程,248
书,249
共,250
相,251
结,252
达,253
治,254
收,255
近,256
东,257
先,258
办,259
交,260
把,261
育,262
认,263
山,264
研,265
局,266
战,267
计,268
求,269
村,270
无,271
二,272
职,273
信,274
取,275
华,276
想,277
手,278
球,279
举,280
团,281
受,282
物,283
更,284
调,285
省,286
路,287
看,288
义,289
据,290
原,291
少,292
克,293
处,294
被,295
没,296
革,297
集,298
果,299
风,300
拉,301
）,302
项,303
（,304
只,305
专,306
选,307
规,308
广,309
观,310
参,311
深,312
江,313
知,314
指,315
又,316
老,317
商,318
℃,319
式,320
％,321
流,322
创,323
接,324
形,325
投,326
常,327
至,328
质,329
支,330
数,331
件,332
放,333
难,334
步,335
识,336
造,337
尔,338
样,339
几,340
究,341
城,342
众,343
那,344
精,345
巴,346
很,347
口,348
级,349
见,350
五,351
费,352
运,353
织,354
服,355
．,356
车,357
施,358
别,359
首,360
思,361
转,362
头,363
再,364
做,365
给,366
示,367
非,368
传,369
标,370
变,371
四,372
融,373
格,374
条,375
气,376
张,377
每,378
回,379
港,380
身,381
马,382
女,383
县,384
话,385
历,386
纪,387
真,388
该,389
反,390
打,391
史,392
走,393
势,394
效,395
群,396
己,397
视,398
台,399
神,400
她,401
百,402
推,403
影,404
校,405
德,406
才,407
感,408
价,409
布,410
争,411
洲,412
岗,413
证,414
确,415
单,416
严,417
志,418
环,419
亿,420
协,421
权,422
林,423
央,424
香,425
查,426
罗,427
营,428
它,429
乡,430
约,431
构,432
积,433
整,434
青,435
责,436
色,437
习,438
极,439
优,440
具,441
访,442
必,443
准,444
率,445
益,446
采,447
根,448
清,449
策,450
失,451
欧,452
完,453
境,454
直,455
儿,456
续,457
带,458
图,459
需,460
谈,461
供,462
席,463
／,464
许,465
防,466
望,467
银,468
坚,469
列,470
族,471
足,472
命,473
况,474
律,475
备,476
片,477
仅,478
引,479
护,480
消,481
或,482
士,483
获,484
厂,485
则,486
类,487
河,488
印,489
始,490
州,491
响,492
么,493
周,494
验,495
兴,496
米,497
助,498
批,499
快,500
连,501
象,502
案,503
武,504
告,505
·,506
师,507
款,508
副,509
切,510
线,511
息,512
花,513
边,514
划,515
艺,516
易,517
负,518
空,519
值,520
双,521
养,522
光,523
友,524
考,525
兰,526
何,527
财,528
越,529
致,530
户,531
住,532
险,533
素,534
雨,535
医,536
让,537
型,538
尼,539
房,540
段,541
宣,542
阿,543
包,544
石,545
较,546
核,547
评,548
云,549
镇,550
培,551
王,552
维,553
热,554
落,555
困,556
爱,557
断,558
功,559
李,560
复,561
远,562
未,563
范,564
源,565
英,566
病,567
讲,568
即,569
往,570
版,571
游,572
油,573
声,574
节,575
存,576
装,577
届,578
乐,579
亲,580
稳,581
太,582
土,583
半,584
客,585
古,586
夫,587
满,588
？,589
销,590
俄,591
速,592
警,593
…,594
富,595
讯,596
监,597
食,598
容,599
模,600
注,601
画,602
低,603
念,604
千,605
减,606
态,607
算,608
层,609
言,610
危,611
八,612
便,613
依,614
预,615
训,616
希,617
白,618
贸,619
继,620
尽,621
税,622
显,623
占,624
劳,625
域,626
余,627
官,628
称,629
你,630
演,631
础,632
试,633
排,634
竞,635
突,636
终,637
邓,638
卫,639
察,640
像,641
紧,642
字,643
火,644
网,645
按,646
景,647
钱,648
努,649
药,650
九,651
充,652
星,653
初,654
良,655
盟,656
须,657
照,658
随,659
击,660
却,661
班,662
六,663
份,664
普,665
曾,666
执,667
胜,668
破,669
承,670
健,671
除,672
号,673
配,674
料,675
善,676
货,677
器,678
止,679
居,680
均,681
担,682
促,683
且,684
围,685
红,686
待,687
献,688
票,689
超,690
限,691
眼,692
馆,693
挥,694
检,695
阳,696
写,697
读,698
泽,699
『,700
毒,701
请,702
黄,703
早,704
田,705
降,706
令,707
奖,708
剧,709
私,710
索,711
闻,712
愿,713
售,714
』,715
措,716
纳,717
站,718
仍,719
派,720
介,721
股,722
树,723
底,724
修,725
什,726
贷,727
讨,728
波,729
粮,730
岁,731
购,732
孩,733
抓,734
藏,735
状,736
离,737
苦,738
苏,739
脑,740
飞,741
临,742
七,743
审,744
杯,745
扩,746
座,747
龙,748
福,749
互,750
著,751
绍,752
顿,753
烈,754
汉,755
额,756
铁,757
略,758
卡,759
适,760
汇,761
湖,762
判,763
置,764
留,765
练,766
独,767
童,768
！,769
听,770
轻,771
伊,772
买,773
密,774
草,775
午,776
晚,777
庭,778
属,779
牌,780
音,781
候,782
久,783
升,784
帮,785
园,786
送,787
故,788
阶,789
针,790
激,791
币,792
语,793
够,794
贫,795
韩,796
斗,797
压,798
害,799
另,800
威,801
康,802
督,803
荣,804
旅,805
春,806
兵,807
吃,808
洋,809
找,810
坦,811
巨,812
刻,813
测,814
虽,815
澳,816
括,817
航,818
损,819
冲,820
博,821
控,822
沙,823
欢,824
编,825
既,826
绝,827
细,828
章,829
绩,830
奇,831
逐,832
靠,833
某,834
救,835
迎,836
否,837
木,838
庆,839
陈,840
黑,841
刚,842
招,843
宁,844
丰,845
秀,846
遇,847
染,848
禁,849
予,850
述,851
室,852
刘,853
母,854
血,855
征,856
召,857
污,858
例,859
疗,860
觉,861
灾,862
课,863
∶,864
材,865
死,866
哥,867
奥,868
吸,869
缺,870
急,871
探,872
抗,873
免,874
短,875
换,876
差,877
雷,878
塔,879
拿,880
哈,881
幅,882
祖,883
呼,884
笔,885
轮,886
埃,887
男,888
阵,889
签,890
温,891
登,892
犯,893
吉,894
－,895
束,896
败,897
纷,898
停,899
绿,900
泰,901
搞,902
智,903
贵,904
顾,905
践,906
甚,907
录,908
诉,909
归,910
麦,911
汽,912
伍,913
授,914
附,915
宝,916
署,917
彻,918
喜,919
序,920
街,921
味,922
扬,923
映,924
驻,925
违,926
顺,927
角,928
鲁,929
罪,930
卖,931
奋,932
托,933
补,934
障,935
植,936
微,937
裁,938
妇,939
乎,940
桥,941
套,942
假,943
歌,944
幕,945
守,946
伟,947
贯,948
攻,949
债,950
筹,951
萨,952
彩,953
酒,954
怀,955
散,956
舞,957
楼,958
店,959
朝,960
钟,961
贡,962
退,963
尤,964
诺,965
菜,966
脱,967
季,968
鲜,969
库,970
墨,971
延,972
似,973
移,974
塞,975
追,976
握,977
岛,978
筑,979
综,980
永,981
般,982
左,983
典,984
瑞,985
赞,986
射,987
森,988
瓦,989
拥,990
松,991
毕,992
暴,993
固,994
勒,995
艰,996
播,997
杂,998
胡,999
篇,1000
堂,1001
厅,1002
潮,1003
繁,1004
简,1005
乱,1006
诗,1007
牛,1008
励,1009
洪,1010
输,1011
湾,1012
右,1013
鼓,1014
冠,1015
析,1016
伤,1017
付,1018
启,1019
泛,1020
申,1021
刊,1022
毛,1023
灵,1024
览,1025
挑,1026
兼,1027
旧,1028
岸,1029
择,1030
冷,1031
借,1032
络,1033
尚,1034
软,1035
父,1036
津,1037
秘,1038
夏,1039
莫,1040
夜,1041
丹,1042
纸,1043
陆,1044
叶,1045
董,1046
吨,1047
倒,1048
遍,1049
迹,1050
涉,1051
寻,1052
键,1053
阴,1054
谁,1055
旗,1056
夺,1057
朱,1058
盛,1059
异,1060
饭,1061
途,1062
宾,1063
曲,1064
锦,1065
莱,1066
迅,1067
鱼,1068
遗,1069
川,1070
戏,1071
仪,1072
坏,1073
沃,1074
洛,1075
谢,1076
援,1077
储,1078
亩,1079
庄,1080
迷,1081
齐,1082
野,1083
船,1084
残,1085
露,1086
径,1087
块,1088
封,1089
盾,1090
虑,1091
宏,1092
趋,1093
背,1094
丽,1095
牙,1096
朗,1097
蒙,1098
休,1099
答,1100
荒,1101
贝,1102
郑,1103
怎,1104
厚,1105
盘,1106
静,1107
扶,1108
错,1109
掌,1110
拓,1111
弱,1112
扎,1113
杨,1114
亮,1115
晴,1116
伦,1117
誉,1118
疑,1119
患,1120
累,1121
恢,1122
玉,1123
疾,1124
误,1125
孙,1126
叫,1127
跌,1128
祝,1129
伙,1130
邀,1131
唱,1132
跨,1133
皮,1134
龄,1135
雄,1136
聚,1137
摆,1138
伯,1139
杀,1140
含,1141
Ａ,1142
邮,1143
熟,1144
竟,1145
伴,1146
脚,1147
偿,1148
梅,1149
惠,1150
盖,1151
迫,1152
操,1153
沿,1154
缓,1155
渐,1156
烟,1157
杜,1158
沉,1159
恶,1160
遭,1161
载,1162
订,1163
隆,1164
硬,1165
抵,1166
胞,1167
券,1168
符,1169
赵,1170
摄,1171
句,1172
邦,1173
端,1174
坐,1175
矛,1176
唐,1177
抢,1178
黎,1179
悉,1180
振,1181
吴,1182
跑,1183
架,1184
宽,1185
板,1186
拍,1187
哪,1188
秋,1189
浪,1190
勤,1191
距,1192
透,1193
屋,1194
雪,1195
纯,1196
若,1197
痛,1198
谋,1199
钢,1200
斤,1201
避,1202
峰,1203
捐,1204
呢,1205
辆,1206
棋,1207
沈,1208
壮,1209
乏,1210
弹,1211
折,1212
勇,1213
罚,1214
礼,1215
乌,1216
杰,1217
闭,1218
赶,1219
媒,1220
朋,1221
Ｃ,1222
唯,1223
洁,1224
挂,1225
珍,1226
惊,1227
亡,1228
辽,1229
怕,1230
煤,1231
姓,1232
肯,1233
骨,1234
幸,1235
菲,1236
佳,1237
卢,1238
趣,1239
潜,1240
倍,1241
弟,1242
尊,1243
宜,1244
辛,1245
账,1246
穿,1247
册,1248
询,1249
宗,1250
诚,1251
殊,1252
井,1253
缩,1254
享,1255
坡,1256
虎,1257
赴,1258
腐,1259
掉,1260
赢,1261
篮,1262
洗,1263
笑,1264
贴,1265
诸,1266
哲,1267
雅,1268
凡,1269
迪,1270
赏,1271
拔,1272
顶,1273
恩,1274
忘,1275
谷,1276
侵,1277
疆,1278
倾,1279
梁,1280
词,1281
昌,1282
估,1283
跟,1284
Ｄ,1285
茶,1286
宫,1287
概,1288
矿,1289
鉴,1290
翻,1291
廉,1292
跳,1293
忧,1294
肉,1295
触,1296
偏,1297
撤,1298
刑,1299
纽,1300
乘,1301
丁,1302
窗,1303
辉,1304
鸟,1305
衣,1306
敬,1307
妈,1308
昨,1309
冰,1310
卷,1311
忠,1312
谓,1313
奉,1314
净,1315
爆,1316
佛,1317
润,1318
阔,1319
废,1320
牧,1321
绕,1322
佩,1323
旦,1324
租,1325
耶,1326
洞,1327
摩,1328
宇,1329
敦,1330
亏,1331
穷,1332
徐,1333
炼,1334
舆,1335
泉,1336
餐,1337
毁,1338
跃,1339
零,1340
奔,1341
恐,1342
弃,1343
肥,1344
荷,1345
艾,1346
忙,1347
姆,1348
坛,1349
塑,1350
戴,1351
舍,1352
震,1353
曼,1354
慢,1355
虚,1356
籍,1357
轨,1358
默,1359
桑,1360
泥,1361
甲,1362
吁,1363
涛,1364
珠,1365
末,1366
辞,1367
醒,1368
赔,1369
揭,1370
频,1371
拒,1372
滋,1373
凝,1374
渠,1375
荡,1376
释,1377
玩,1378
聘,1379
劲,1380
稿,1381
衡,1382
邻,1383
剂,1384
廷,1385
敏,1386
苗,1387
返,1388
肃,1389
渡,1390
枪,1391
辑,1392
漫,1393
敢,1394
冬,1395
阻,1396
抽,1397
汤,1398
梦,1399
欣,1400
圣,1401
赖,1402
圳,1403
箱,1404
耕,1405
娘,1406
纠,1407
呈,1408
喝,1409
截,1410
晨,1411
症,1412
胁,1413
毫,1414
纺,1415
皇,1416
晓,1417
迟,1418
谊,1419
倡,1420
烧,1421
殖,1422
蓝,1423
贬,1424
麻,1425
伐,1426
灯,1427
旁,1428
锋,1429
饮,1430
忽,1431
摊,1432
俱,1433
勃,1434
宋,1435
圆,1436
冒,1437
燃,1438
陷,1439
抱,1440
癌,1441
鸡,1442
扣,1443
甘,1444
挪,1445
厦,1446
刺,1447
朴,1448
旨,1449
液,1450
混,1451
赫,1452
桂,1453
拨,1454
纲,1455
颁,1456
贺,1457
凭,1458
彭,1459
耳,1460
猪,1461
缘,1462
阁,1463
浩,1464
替,1465
绘,1466
乃,1467
帕,1468
羊,1469
淡,1470
扫,1471
棉,1472
滑,1473
沟,1474
旱,1475
慧,1476
迈,1477
柬,1478
劣,1479
灭,1480
赤,1481
浮,1482
豪,1483
’,1484
芳,1485
诊,1486
械,1487
贩,1488
貌,1489
咨,1490
缴,1491
氛,1492
汛,1493
墙,1494
惯,1495
辈,1496
妻,1497
寨,1498
阅,1499
拖,1500
奶,1501
葡,1502
诞,1503
颇,1504
暖,1505
赠,1506
Ｂ,1507
履,1508
番,1509
横,1510
祥,1511
晤,1512
秩,1513
滩,1514
辩,1515
镜,1516
浓,1517
惜,1518
‘,1519
圾,1520
垃,1521
床,1522
池,1523
拼,1524
楚,1525
割,1526
郎,1527
穆,1528
钦,1529
懂,1530
鹏,1531
漠,1532
涌,1533
遵,1534
允,1535
粉,1536
浙,1537
徽,1538
畜,1539
旬,1540
炸,1541
丝,1542
舟,1543
侧,1544
堡,1545
泪,1546
峻,1547
描,1548
吗,1549
铺,1550
猛,1551
厄,1552
盗,1553
欠,1554
汗,1555
吧,1556
俗,1557
崇,1558
栏,1559
辟,1560
伸,1561
瓜,1562
摇,1563
迁,1564
腾,1565
壁,1566
仁,1567
孔,1568
挖,1569
档,1570
递,1571
氏,1572
奏,1573
磨,1574
霞,1575
兑,1576
妹,1577
胆,1578
循,1579
剩,1580
宅,1581
蒂,1582
脸,1583
恰,1584
Ｉ,1585
徒,1586
俊,1587
箭,1588
枚,1589
镕,1590
巧,1591
陶,1592
姐,1593
牵,1594
暂,1595
氧,1596
妙,1597
巡,1598
酸,1599
峡,1600
薄,1601
渔,1602
闹,1603
隔,1604
昆,1605
厉,1606
逃,1607
陕,1608
桌,1609
敌,1610
捕,1611
郭,1612
淮,1613
舒,1614
叹,1615
慰,1616
堤,1617
捷,1618
忆,1619
臣,1620
悲,1621
炮,1622
丈,1623
牢,1624
炎,1625
挤,1626
郊,1627
孤,1628
秒,1629
寿,1630
遥,1631
煌,1632
●,1633
蔬,1634
隐,1635
耐,1636
胎,1637
辖,1638
仿,1639
漏,1640
侨,1641
旋,1642
淘,1643
灌,1644
卓,1645
盲,1646
胀,1647
怪,1648
焦,1649
碍,1650
Ｓ,1651
幼,1652
码,1653
碑,1654
剑,1655
脏,1656
戈,1657
覆,1658
颗,1659
蛋,1660
犹,1661
刀,1662
搬,1663
旺,1664
愈,1665
添,1666
婚,1667
刷,1668
寒,1669
豆,1670
竹,1671
闲,1672
睛,1673
弄,1674
偷,1675
撒,1676
柏,1677
乔,1678
丛,1679
汰,1680
耗,1681
涨,1682
盈,1683
秦,1684
寄,1685
蓄,1686
欲,1687
稀,1688
姜,1689
夕,1690
驱,1691
彰,1692
芬,1693
扑,1694
雕,1695
涵,1696
圈,1697
滨,1698
胶,1699
粗,1700
狂,1701
屈,1702
宪,1703
袭,1704
纵,1705
鸣,1706
　,1707
辅,1708
曹,1709
凯,1710
扰,1711
莲,1712
柱,1713
歧,1714
帜,1715
榜,1716
畅,1717
兄,1718
绪,1719
凌,1720
尝,1721
戒,1722
踢,1723
晋,1724
陪,1725
Ｎ,1726
尾,1727
鞋,1728
踏,1729
泳,1730
琼,1731
骗,1732
彼,1733
紫,1734
顷,1735
肩,1736
饱,1737
驶,1738
役,1739
Ｏ,1740
衷,1741
削,1742
颖,1743
悄,1744
飘,1745
摸,1746
潘,1747
蒋,1748
掘,1749
铜,1750
锭,1751
阐,1752
暗,1753
袋,1754
萄,1755
Ｔ,1756
锻,1757
岩,1758
裕,1759
押,1760
爸,1761
岭,1762
毅,1763
裂,1764
疫,1765
琛,1766
爷,1767
锐,1768
冯,1769
姑,1770
滥,1771
渊,1772
稻,1773
胸,1774
寺,1775
磋,1776
巩,1777
贪,1778
贾,1779
闯,1780
琴,1781
嘉,1782
岚,1783
吹,1784
衰,1785
迄,1786
岳,1787
堆,1788
姿,1789
驾,1790
墓,1791
尖,1792
锁,1793
拟,1794
冈,1795
凤,1796
滴,1797
帝,1798
硕,1799
堪,1800
弘,1801
恒,1802
湿,1803
伏,1804
株,1805
宿,1806
柳,1807
肝,1808
魏,1809
叙,1810
您,1811
杭,1812
傅,1813
嫌,1814
亦,1815
忍,1816
奈,1817
圭,1818
孕,1819
娃,1820
丧,1821
尘,1822
闪,1823
腰,1824
搭,1825
埔,1826
吕,1827
搏,1828
燕,1829
君,1830
妥,1831
漂,1832
埋,1833
贤,1834
屏,1835
疲,1836
灰,1837
碰,1838
桃,1839
鹿,1840
懈,1841
羽,1842
址,1843
译,1844
悠,1845
磁,1846
挺,1847
虫,1848
轰,1849
孟,1850
谨,1851
详,1852
乙,1853
耀,1854
烂,1855
瘤,1856
浦,1857
攀,1858
滚,1859
饰,1860
垄,1861
摘,1862
勘,1863
憾,1864
舰,1865
Ｖ,1866
玻,1867
脉,1868
伪,1869
渴,1870
丢,1871
坪,1872
湘,1873
惨,1874
慎,1875
奠,1876
膨,1877
拜,1878
盆,1879
庙,1880
玛,1881
魂,1882
嘴,1883
昂,1884
堵,1885
栽,1886
炒,1887
Ｐ,1888
桶,1889
踪,1890
璇,1891
携,1892
饲,1893
棚,1894
赚,1895
怨,1896
钓,1897
霍,1898
惑,1899
盐,1900
粒,1901
贿,1902
庐,1903
偶,1904
啊,1905
Ｅ,1906
艇,1907
诱,1908
娱,1909
蔡,1910
顽,1911
逢,1912
牲,1913
僵,1914
ｅ,1915
秸,1916
扭,1917
乒,1918
棵,1919
仓,1920
赋,1921
皆,1922
泡,1923
荐,1924
糖,1925
悬,1926
枝,1927
朵,1928
拆,1929
茨,1930
碗,1931
页,1932
肿,1933
填,1934
Ｆ,1935
缔,1936
撞,1937
Ｍ,1938
拳,1939
钻,1940
疏,1941
慨,1942
凉,1943
抛,1944
仆,1945
娜,1946
兹,1947
碎,1948
炭,1949
喊,1950
屡,1951
柔,1952
蝶,1953
唤,1954
惩,1955
瓶,1956
茂,1957
撑,1958
腊,1959
韦,1960
稍,1961
谱,1962
壤,1963
翰,1964
柜,1965
溪,1966
ｎ,1967
挣,1968
逼,1969
蹈,1970
盼,1971
坝,1972
糊,1973
茅,1974
肖,1975
锡,1976
撰,1977
睦,1978
悦,1979
碧,1980
酷,1981
腿,1982
幻,1983
荆,1984
萍,1985
缉,1986
蓬,1987
暑,1988
插,1989
逝,1990
膜,1991
仰,1992
锅,1993
霸,1994
婆,1995
慕,1996
陵,1997
串,1998
坊,1999
契,2000
吐,2001
匆,2002
谴,2003
薛,2004
庞,2005
菌,2006
仔,2007
屠,2008
幽,2009
骄,2010
哭,2011
睡,2012
雇,2013
蕴,2014
弥,2015
喀,2016
宴,2017
滞,2018
塘,2019
欺,2020
乳,2021
昔,2022
秆,2023
弊,2024
涂,2025
挽,2026
甜,2027
葛,2028
罢,2029
框,2030
兆,2031
烦,2032
函,2033
颜,2034
崔,2035
醉,2036
聪,2037
弗,2038
浅,2039
冻,2040
骑,2041
菊,2042
仙,2043
袁,2044
瞩,2045
渤,2046
炉,2047
绵,2048
喷,2049
抚,2050
彦,2051
御,2052
翼,2053
晶,2054
袖,2055
敞,2056
乓,2057
窃,2058
洒,2059
狼,2060
杆,2061
翠,2062
ｏ,2063
挫,2064
狠,2065
遣,2066
驰,2067
艳,2068
遏,2069
孝,2070
讼,2071
尺,2072
剪,2073
悟,2074
俩,2075
鼠,2076
掩,2077
呆,2078
郁,2079
狗,2080
璃,2081
坑,2082
剖,2083
脆,2084
垂,2085
Ｇ,2086
仲,2087
韵,2088
窑,2089
儒,2090
苍,2091
砖,2092
婴,2093
卿,2094
魅,2095
逆,2096
侦,2097
披,2098
啤,2099
佐,2100
傲,2101
爬,2102
篷,2103
翁,2104
粹,2105
ｔ,2106
怖,2107
缝,2108
骤,2109
匹,2110
谦,2111
丘,2112
玲,2113
拦,2114
洽,2115
斑,2116
葬,2117
搜,2118
龟,2119
蔓,2120
夹,2121
催,2122
卜,2123
茫,2124
泊,2125
帅,2126
劫,2127
灿,2128
狮,2129
ａ,2130
擦,2131
捞,2132
牺,2133
稽,2134
夸,2135
亭,2136
骚,2137
梯,2138
丸,2139
泄,2140
淀,2141
逻,2142
呀,2143
猜,2144
挨,2145
窝,2146
抑,2147
捧,2148
誓,2149
宙,2150
劝,2151
斌,2152
吞,2153
铭,2154
○,2155
腹,2156
蕾,2157
腔,2158
鹅,2159
Ｌ,2160
寂,2161
抬,2162
酿,2163
芝,2164
Ｋ,2165
恋,2166
疯,2167
尉,2168
帆,2169
蔚,2170
廊,2171
翔,2172
叔,2173
罕,2174
壳,2175
剥,2176
纤,2177
阀,2178
厘,2179
嫩,2180
甸,2181
熊,2182
赣,2183
甫,2184
眉,2185
豫,2186
睹,2187
ｒ,2188
吊,2189
虹,2190
菇,2191
泼,2192
悔,2193
绳,2194
侯,2195
巷,2196
鸿,2197
塌,2198
竣,2199
坎,2200
芯,2201
逊,2202
薪,2203
喻,2204
挡,2205
雾,2206
揽,2207
铢,2208
辰,2209
垒,2210
鸽,2211
谐,2212
溢,2213
颂,2214
辣,2215
赌,2216
橡,2217
尿,2218
狱,2219
晰,2220
崭,2221
砍,2222
阎,2223
昏,2224
ｃ,2225
沫,2226
柴,2227
敲,2228
桔,2229
ｉ,2230
捉,2231
浑,2232
斜,2233
畏,2234
凶,2235
蒸,2236
焕,2237
枯,2238
杉,2239
扮,2240
拘,2241
彬,2242
蚀,2243
哨,2244
瑰,2245
弯,2246
轿,2247
肠,2248
萧,2249
冶,2250
姚,2251
汪,2252
咱,2253
猫,2254
钞,2255
勾,2256
缅,2257
栋,2258
藤,2259
鹤,2260
奢,2261
戚,2262
酬,2263
肺,2264
铅,2265
柯,2266
嫂,2267
掀,2268
盒,2269
尹,2270
渗,2271
怒,2272
卵,2273
逮,2274
殷,2275
镑,2276
诈,2277
霖,2278
禽,2279
缆,2280
庸,2281
帽,2282
淤,2283
咬,2284
龚,2285
猎,2286
痕,2287
昭,2288
浇,2289
逾,2290
荫,2291
瓷,2292
饼,2293
肤,2294
馨,2295
哀,2296
辨,2297
涝,2298
夷,2299
竭,2300
茵,2301
啦,2302
缠,2303
愤,2304
铸,2305
魄,2306
俭,2307
钩,2308
陋,2309
鞍,2310
愁,2311
畔,2312
募,2313
叠,2314
聊,2315
鸭,2316
辐,2317
梨,2318
歇,2319
啡,2320
沂,2321
寸,2322
椅,2323
恼,2324
絮,2325
暨,2326
鹰,2327
旭,2328
臭,2329
秉,2330
浴,2331
厨,2332
漳,2333
愉,2334
棒,2335
愧,2336
浸,2337
瞬,2338
掏,2339
ｗ,2340
崛,2341
▲,2342
艘,2343
嫁,2344
扳,2345
澄,2346
肆,2347
慈,2348
钊,2349
濒,2350
棠,2351
沼,2352
狭,2353
邹,2354
罐,2355
巢,2356
涯,2357
垦,2358
勉,2359
祸,2360
蜜,2361
拯,2362
赁,2363
芦,2364
叛,2365
淹,2366
链,2367
匠,2368
斥,2369
拾,2370
兔,2371
笼,2372
擅,2373
脊,2374
岂,2375
歹,2376
邯,2377
咖,2378
朽,2379
湛,2380
Ｈ,2381
拐,2382
ｓ,2383
傍,2384
浆,2385
辱,2386
卸,2387
麋,2388
莉,2389
碱,2390
抒,2391
刮,2392
疼,2393
鼎,2394
萎,2395
鑫,2396
蒜,2397
绒,2398
蝴,2399
戊,2400
琪,2401
筒,2402
苑,2403
髓,2404
玫,2405
韧,2406
挚,2407
苹,2408
碳,2409
帐,2410
囊,2411
沾,2412
妨,2413
宰,2414
瘦,2415
淑,2416
沪,2417
ｕ,2418
啥,2419
谭,2420
纱,2421
辜,2422
衔,2423
×,2424
桩,2425
扔,2426
沛,2427
膏,2428
溉,2429
瞻,2430
衍,2431
脂,2432
芒,2433
1,2434
叉,2435
筋,2436
舌,2437
饶,2438
撼,2439
恨,2440
熙,2441
鄂,2442
巾,2443
a,2444
隧,2445
穴,2446
僚,2447
蜂,2448
焊,2449
Ｗ,2450
膀,2451
肇,2452
丑,2453
滕,2454
寓,2455
筝,2456
闷,2457
恪,2458
萌,2459
ｍ,2460
倘,2461
卧,2462
敖,2463
瘾,2464
溃,2465
窄,2466
Ｒ,2467
霜,2468
芭,2469
孜,2470
抄,2471
铲,2472
骂,2473
亟,2474
躺,2475
缚,2476
胃,2477
恭,2478
窟,2479
凑,2480
浏,2481
俘,2482
 ,2483
鞭,2484
遂,2485
痴,2486
沸,2487
弦,2488
纹,2489
逸,2490
戌,2491
溶,2492
臂,2493
掠,2494
摔,2495
呵,2496
沧,2497
澜,2498
葱,2499
肢,2500
尸,2501
兢,2502
忌,2503
2,2504
寇,2505
爽,2506
虾,2507
竖,2508
槐,2509
魔,2510
衬,2511
泣,2512
莎,2513
畴,2514
幢,2515
崖,2516
宛,2517
渣,2518
粘,2519
帷,2520
侈,2521
曝,2522
雁,2523
翅,2524
遮,2525
倦,2526
躁,2527
匈,2528
琳,2529
婉,2530
鼻,2531
杏,2532
硫,2533
钉,2534
抹,2535
阮,2536
.,2537
怡,2538
崩,2539
寞,2540
喂,2541
礁,2542
伞,2543
ｐ,2544
灶,2545
坤,2546
钙,2547
椒,2548
颈,2549
叭,2550
盯,2551
耸,2552
槟,2553
焚,2554
鬼,2555
砸,2556
诵,2557
陌,2558
猴,2559
咏,2560
捆,2561
寰,2562
饿,2563
慌,2564
噪,2565
娩,2566
赂,2567
汕,2568
勋,2569
袱,2570
铝,2571
吾,2572
谅,2573
潍,2574
栖,2575
晖,2576
ｌ,2577
枢,2578
胚,2579
饥,2580
姻,2581
舱,2582
冀,2583
晒,2584
冤,2585
驳,2586
淌,2587
棍,2588
仗,2589
灸,2590
牡,2591
垮,2592
肌,2593
矮,2594
肚,2595
挠,2596
吟,2597
魁,2598
诫,2599
邵,2600
惧,2601
嘱,2602
刹,2603
Ｘ,2604
哗,2605
寅,2606
蛙,2607
潭,2608
躲,2609
殿,2610
猖,2611
淋,2612
瑟,2613
汁,2614
炯,2615
爵,2616
哄,2617
禹,2618
),2619
跋,2620
稼,2621
嘛,2622
漪,2623
靖,2624
蛇,2625
冼,2626
喧,2627
绸,2628
罩,2629
屑,2630
摧,2631
0,2632
谣,2633
荧,2634
尧,2635
碌,2636
菱,2637
涩,2638
簇,2639
馈,2640
廖,2641
僻,2642
贞,2643
溜,2644
烽,2645
琢,2646
(,2647
铃,2648
绎,2649
滔,2650
陡,2651
齿,2652
眠,2653
槽,2654
喘,2655
杠,2656
鲤,2657
妆,2658
枉,2659
坠,2660
旷,2661
苟,2662
矶,2663
o,2664
腻,2665
瘫,2666
跻,2667
拢,2668
哺,2669
黔,2670
蘑,2671
咸,2672
晃,2673
蓉,2674
熏,2675
耻,2676
邪,2677
捡,2678
碟,2679
扯,2680
棺,2681
嘎,2682
悼,2683
稚,2684
瞒,2685
詹,2686
邢,2687
糟,2688
衫,2689
壶,2690
歉,2691
喇,2692
△,2693
羡,2694
羞,2695
燥,2696
硝,2697
獗,2698
裹,2699
ｈ,2700
曙,2701
隙,2702
峙,2703
抖,2704
枣,2705
糕,2706
漆,2707
涅,2708
汾,2709
麟,2710
芽,2711
烯,2712
耿,2713
绣,2714
i,2715
踊,2716
踩,2717
贱,2718
绑,2719
淫,2720
炳,2721
烛,2722
馒,2723
俞,2724
矩,2725
蛮,2726
甩,2727
躯,2728
泸,2729
歪,2730
亨,2731
裸,2732
徘,2733
襄,2734
乾,2735
氮,2736
帘,2737
楷,2738
粪,2739
厕,2740
萝,2741
懒,2742
赐,2743
趁,2744
绚,2745
僧,2746
徊,2747
鲍,2748
慑,2749
驭,2750
堕,2751
趟,2752
颠,2753
迭,2754
渝,2755
凿,2756
砂,2757
栗,2758
晕,2759
雀,2760
凸,2761
扇,2762
曰,2763
汲,2764
厢,2765
慷,2766
焰,2767
沓,2768
拱,2769
裙,2770
绥,2771
萃,2772
珊,2773
氢,2774
觅,2775
玄,2776
昧,2777
钥,2778
辍,2779
粽,2780
磅,2781
妄,2782
烫,2783
棘,2784
奴,2785
卑,2786
冕,2787
椎,2788
怜,2789
擀,2790
捏,2791
汹,2792
樊,2793
咽,2794
锣,2795
瞧,2796
穗,2797
斋,2798
兜,2799
熬,2800
桐,2801
磊,2802
嵌,2803
裤,2804
匙,2805
寥,2806
惹,2807
屯,2808
厌,2809
佼,2810
媳,2811
%,2812
虐,2813
甬,2814
舶,2815
─,2816
骆,2817
杖,2818
瑶,2819
霉,2820
娟,2821
焉,2822
俯,2823
寡,2824
卉,2825
傻,2826
碾,2827
芜,2828
攒,2829
胖,2830
苯,2831
酋,2832
恳,2833
昼,2834
茄,2835
坍,2836
碘,2837
渭,2838
桦,2839
兽,2840
苇,2841
渺,2842
茬,2843
祭,2844
媚,2845
烹,2846
泻,2847
颤,2848
惕,2849
帼,2850
镶,2851
瑜,2852
醇,2853
耘,2854
磷,2855
仇,2856
裔,2857
粤,2858
淄,2859
麓,2860
峨,2861
莹,2862
屿,2863
n,2864
笛,2865
札,2866
邱,2867
氓,2868
垫,2869
氨,2870
雌,2871
巍,2872
蜡,2873
漓,2874
斡,2875
豁,2876
啸,2877
薯,2878
匡,2879
愚,2880
吵,2881
筛,2882
腺,2883
橙,2884
翟,2885
瓣,2886
瞄,2887
吓,2888
岐,2889
钧,2890
町,2891
荟,2892
牟,2893
睐,2894
峪,2895
煮,2896
ｄ,2897
蝇,2898
讶,2899
俑,2900
奎,2901
蹲,2902
暇,2903
亥,2904
鸦,2905
讳,2906
凳,2907
肾,2908
匪,2909
嚣,2910
颐,2911
呐,2912
躬,2913
煞,2914
捍,2915
烁,2916
缕,2917
秽,2918
钠,2919
靡,2920
侗,2921
斧,2922
缮,2923
驿,2924
膝,2925
侠,2926
汝,2927
卞,2928
苛,2929
彪,2930
浊,2931
淳,2932
蚩,2933
耽,2934
茹,2935
隶,2936
莞,2937
r,2938
禅,2939
崎,2940
忡,2941
栩,2942
诀,2943
襟,2944
盎,2945
衢,2946
捣,2947
逛,2948
秧,2949
拙,2950
娥,2951
驼,2952
轴,2953
渎,2954
埠,2955
薹,2956
雹,2957
姨,2958
澈,2959
犬,2960
囿,2961
炽,2962
犁,2963
靳,2964
e,2965
酝,2966
禄,2967
衅,2968
赃,2969
墟,2970
痒,2971
闽,2972
坷,2973
汶,2974
丙,2975
峭,2976
俏,2977
贮,2978
琦,2979
蔽,2980
郡,2981
皖,2982
锤,2983
沥,2984
轩,2985
秤,2986
霄,2987
Ｕ,2988
宠,2989
螺,2990
沐,2991
吼,2992
奸,2993
柑,2994
s,2995
匾,2996
谛,2997
冗,2998
喉,2999
沦,3000
叮,3001
拂,3002
翩,3003
睁,3004
裴,3005
呕,3006
粟,3007
惫,3008
锈,3009
啃,3010
鱿,3011
脾,3012
蹄,3013
痹,3014
绞,3015
聋,3016
掷,3017
熔,3018
砚,3019
戎,3020
阪,3021
骏,3022
窘,3023
暮,3024
郝,3025
酵,3026
Ｊ,3027
闸,3028
跪,3029
嘲,3030
瀑,3031
窍,3032
剿,3033
讽,3034
侃,3035
扛,3036
烤,3037
韶,3038
涧,3039
羔,3040
撕,3041
瑚,3042
硅,3043
c,3044
酶,3045
兮,3046
柚,3047
掺,3048
遐,3049
竿,3050
皱,3051
夯,3052
藻,3053
骋,3054
礴,3055
乍,3056
膊,3057
邸,3058
吻,3059
棱,3060
嬉,3061
倪,3062
搁,3063
斐,3064
嗓,3065
锰,3066
毋,3067
蜀,3068
斓,3069
诲,3070
娇,3071
哉,3072
谜,3073
潢,3074
徇,3075
冉,3076
眺,3077
岱,3078
昊,3079
揣,3080
纬,3081
棣,3082
嚷,3083
殡,3084
葫,3085
笺,3086
肴,3087
讴,3088
骸,3089
佑,3090
胳,3091
仕,3092
榆,3093
拣,3094
迂,3095
刃,3096
铡,3097
宓,3098
楠,3099
洼,3100
蚕,3101
溯,3102
彤,3103
踵,3104
堰,3105
辙,3106
梳,3107
潇,3108
噬,3109
藕,3110
烘,3111
俺,3112
咄,3113
匿,3114
ｋ,3115
唇,3116
肪,3117
仑,3118
t,3119
庚,3120
诠,3121
氟,3122
扼,3123
墩,3124
C,3125
绽,3126
脖,3127
谍,3128
悖,3129
庇,3130
眸,3131
倩,3132
匀,3133
黯,3134
绰,3135
铎,3136
蟹,3137
馋,3138
渥,3139
譬,3140
隋,3141
惟,3142
哇,3143
│,3144
嚼,3145
恤,3146
缀,3147
壑,3148
憨,3149
吏,3150
泵,3151
沅,3152
ｆ,3153
〈,3154
〉,3155
棕,3156
锌,3157
鞠,3158
5,3159
砌,3160
乖,3161
笋,3162
哑,3163
炊,3164
娅,3165
妮,3166
梭,3167
ｙ,3168
炜,3169
鲨,3170
藉,3171
弧,3172
钵,3173
莜,3174
坟,3175
孵,3176
怅,3177
毗,3178
辄,3179
灼,3180
轧,3181
弈,3182
澡,3183
檐,3184
樱,3185
枫,3186
辗,3187
瞥,3188
褐,3189
滇,3190
榻,3191
琅,3192
靶,3193
泌,3194
矢,3195
筷,3196
恍,3197
蚊,3198
酱,3199
蝉,3200
敷,3201
潺,3202
炬,3203
镐,3204
揪,3205
邝,3206
酮,3207
佣,3208
鳞,3209
擎,3210
榄,3211
荔,3212
榕,3213
墅,3214
垛,3215
阜,3216
尬,3217
袍,3218
匮,3219
擂,3220
璐,3221
诣,3222
拷,3223
漾,3224
澧,3225
玺,3226
纂,3227
3,3228
F,3229
猩,3230
枇,3231
峦,3232
筐,3233
巅,3234
腕,3235
瑛,3236
畹,3237
勿,3238
忱,3239
矫,3240
梧,3241
罂,3242
篪,3243
雏,3244
柿,3245
痰,3246
虔,3247
禾,3248
窜,3249
摒,3250
骼,3251
搅,3252
蒲,3253
锄,3254
缤,3255
飙,3256
隘,3257
璞,3258
洙,3259
祈,3260
9,3261
郸,3262
缸,3263
凰,3264
聆,3265
氯,3266
恕,3267
芷,3268
嗜,3269
蹦,3270
冥,3271
尴,3272
袒,3273
缭,3274
咎,3275
芮,3276
莘,3277
聂,3278
髦,3279
垸,3280
杷,3281
凄,3282
爪,3283
媛,3284
肘,3285
黛,3286
沮,3287
殴,3288
悍,3289
琐,3290
珀,3291
殃,3292
粥,3293
"""",3294
邃,3295
抨,3296
臻,3297
娴,3298
挝,3299
I,3300
谙,3301
斩,3302
哩,3303
畸,3304
逗,3305
饪,3306
薇,3307
纫,3308
毯,3309
祺,3310
摹,3311
眷,3312
怠,3313
羁,3314
煎,3315
帖,3316
滤,3317
腑,3318
涡,3319
痪,3320
袄,3321
萦,3322
矣,3323
咀,3324
剔,3325
溥,3326
莽,3327
泾,3328
陀,3329
宵,3330
陉,3331
篡,3332
瘠,3333
嘹,3334
盏,3335
屹,3336
糙,3337
谧,3338
Ⅲ,3339
涤,3340
疤,3341
P,3342
陇,3343
溺,3344
迢,3345
拴,3346
镀,3347
惋,3348
绅,3349
篆,3350
憩,3351
紊,3352
猕,3353
犀,3354
伺,3355
磕,3356
恺,3357
崴,3358
憬,3359
帧,3360
哮,3361
犊,3362
蔗,3363
窖,3364
帚,3365
乞,3366
夭,3367
鄱,3368
渍,3369
殉,3370
禺,3371
屁,3372
橱,3373
姊,3374
熹,3375
虞,3376
搂,3377
卒,3378
茁,3379
腥,3380
跤,3381
舅,3382
矗,3383
窒,3384
陲,3385
祁,3386
谬,3387
冢,3388
镰,3389
憧,3390
瞅,3391
孚,3392
籽,3393
胥,3394
弓,3395
蜚,3396
姥,3397
酥,3398
璨,3399
窥,3400
钴,3401
凹,3402
喃,3403
饯,3404
桓,3405
诿,3406
瀚,3407
檀,3408
汀,3409
胤,3410
痫,3411
谎,3412
啧,3413
拧,3414
垣,3415
缳,3416
朊,3417
缜,3418
吆,3419
疮,3420
娶,3421
坞,3422
稷,3423
珞,3424
娠,3425
璀,3426
瓢,3427
箔,3428
镌,3429
臆,3430
恬,3431
廓,3432
搓,3433
瑙,3434
蜿,3435
溅,3436
癫,3437
曳,3438
咫,3439
赎,3440
憋,3441
霓,3442
蜒,3443
柄,3444
u,3445
颓,3446
菠,3447
凛,3448
囚,3449
宕,3450
哼,3451
沭,3452
咐,3453
阱,3454
钮,3455
攸,3456
梗,3457
岔,3458
缪,3459
涣,3460
畦,3461
秃,3462
斟,3463
剽,3464
媲,3465
寝,3466
炫,3467
侍,3468
瞎,3469
锲,3470
丫,3471
虏,3472
挟,3473
夙,3474
厮,3475
茎,3476
妊,3477
砀,3478
圃,3479
葵,3480
劈,3481
榨,3482
昕,3483
坂,3484
翌,3485
惦,3486
鲫,3487
煽,3488
稠,3489
憎,3490
翘,3491
蠢,3492
邑,3493
惶,3494
垢,3495
猿,3496
砺,3497
蛀,3498
恣,3499
陨,3500
谆,3501
m,3502
寐,3503
赈,3504
倔,3505
巫,3506
濡,3507
叩,3508
酌,3509
椰,3510
汞,3511
烙,3512
鄙,3513
蓟,3514
癣,3515
惮,3516
捺,3517
侥,3518
扁,3519
瘟,3520
毙,3521
l,3522
咪,3523
枕,3524
渲,3525
＋,3526
咧,3527
岖,3528
蕊,3529
瞪,3530
咳,3531
胰,3532
鹊,3533
琬,3534
炙,3535
②,3536
愣,3537
叨,3538
8,3539
绊,3540
Ⅱ,3541
伫,3542
涟,3543
拄,3544
琉,3545
羲,3546
蚁,3547
茧,3548
抉,3549
朔,3550
飓,3551
攘,3552
褂,3553
睫,3554
榴,3555
咕,3556
锚,3557
赦,3558
①,3559
簸,3560
钰,3561
胧,3562
椿,3563
雍,3564
撬,3565
骇,3566
赡,3567
锢,3568
迸,3569
懵,3570
勰,3571
朦,3572
耍,3573
荼,3574
笃,3575
裳,3576
揉,3577
蹴,3578
婿,3579
惰,3580
耆,3581
搀,3582
贻,3583
奄,3584
笨,3585
弋,3586
樟,3587
捎,3588
炕,3589
萋,3590
沁,3591
偕,3592
③,3593
磐,3594
黝,3595
嫉,3596
晦,3597
徉,3598
汩,3599
倚,3600
梢,3601
诬,3602
徜,3603
惆,3604
驴,3605
榭,3606
瞰,3607
饺,3608
瞠,3609
馁,3610
g,3611
舜,3612
鳖,3613
咋,3614
蘸,3615
橄,3616
嗡,3617
熄,3618
疚,3619
偌,3620
趴,3621
苔,3622
膛,3623
膳,3624
侣,3625
懋,3626
脐,3627
埂,3628
d,3629
亢,3630
涿,3631
骞,3632
钝,3633
疡,3634
弛,3635
坯,3636
谟,3637
眶,3638
犷,3639
驹,3640
恃,3641
拌,3642
泓,3643
刁,3644
浚,3645
泞,3646
栓,3647
簿,3648
隅,3649
绷,3650
袂,3651
匝,3652
翱,3653
拮,3654
锵,3655
猝,3656
曦,3657
B,3658
袅,3659
浒,3660
圻,3661
拎,3662
祀,3663
铿,3664
铮,3665
M,3666
珑,3667
氰,3668
ｇ,3669
呜,3670
蔑,3671
抠,3672
|,3673
祷,3674
侮,3675
L,3676
篱,3677
戳,3678
鸫,3679
颊,3680
褒,3681
孰,3682
惚,3683
哦,3684
跷,3685
傣,3686
迩,3687
阂,3688
茜,3689
哽,3690
烃,3691
衙,3692
诡,3693
褪,3694
瀛,3695
昙,3696
熠,3697
澍,3698
蛛,3699
铀,3700
饷,3701
崽,3702
膺,3703
菁,3704
鸥,3705
鹃,3706
酣,3707
孢,3708
锂,3709
胄,3710
豹,3711
诋,3712
蛟,3713
删,3714
皎,3715
戮,3716
孪,3717
涓,3718
菏,3719
嘀,3720
ｂ,3721
橘,3722
疟,3723
烷,3724
淆,3725
戍,3726
祛,3727
睬,3728
杞,3729
婪,3730
丐,3731
讥,3732
7,3733
胺,3734
柞,3735
倏,3736
眯,3737
Ｙ,3738
皂,3739
Ⅴ,3740
莒,3741
粼,3742
4,3743
诤,3744
噩,3745
踞,3746
怯,3747
呱,3748
痼,3749
ｖ,3750
勐,3751
俨,3752
磙,3753
沌,3754
臃,3755
璧,3756
漉,3757
奕,3758
湮,3759
摞,3760
捂,3761
绶,3762
螃,3763
逞,3764
芙,3765
楞,3766
婺,3767
哟,3768
飒,3769
釜,3770
栉,3771
掣,3772
敛,3773
娓,3774
锹,3775
闾,3776
掰,3777
铬,3778
滁,3779
梓,3780
臧,3781
凋,3782
拭,3783
椭,3784
迤,3785
炖,3786
枭,3787
栅,3788
铧,3789
釉,3790
狙,3791
淇,3792
胫,3793
腮,3794
谏,3795
谪,3796
濯,3797
k,3798
裘,3799
鲇,3800
沱,3801
跆,3802
轼,3803
逶,3804
锥,3805
镍,3806
妒,3807
啼,3808
菅,3809
殚,3810
酚,3811
绮,3812
捅,3813
葆,3814
芸,3815
杼,3816
烨,3817
刨,3818
粕,3819
徙,3820
跚,3821
锯,3822
槛,3823
噢,3824
",",3825
晾,3826
鹭,3827
腌,3828
婷,3829
铉,3830
钒,3831
扒,3832
韫,3833
祟,3834
椁,3835
榷,3836
惬,3837
┐,3838
迥,3839
磡,3840
殆,3841
R,3842
忏,3843
芹,3844
脍,3845
褚,3846
驮,3847
┘,3848
蚌,3849
盔,3850
杲,3851
璋,3852
逍,3853
E,3854
癜,3855
撂,3856
祠,3857
歼,3858
箫,3859
茗,3860
椽,3861
迦,3862
睽,3863
珲,3864
箍,3865
垠,3866
栾,3867
眈,3868
狩,3869
琊,3870
赊,3871
屎,3872
嘤,3873
扉,3874
妃,3875
苞,3876
绛,3877
嘈,3878
鳌,3879
劾,3880
幌,3881
琵,3882
璜,3883
缨,3884
掖,3885
屉,3886
侄,3887
撮,3888
嘘,3889
禧,3890
饵,3891
韬,3892
隽,3893
懦,3894
汨,3895
刍,3896
晏,3897
瓴,3898
舵,3899
禀,3900
亵,3901
眨,3902
丕,3903
蹒,3904
h,3905
p,3906
亘,3907
讹,3908
漱,3909
訇,3910
莺,3911
蒿,3912
翡,3913
鬓,3914
钾,3915
蹊,3916
兀,3917
酉,3918
忑,3919
鹜,3920
鸠,3921
‰,3922
袜,3923
罹,3924
嗅,3925
伶,3926
擒,3927
琶,3928
矜,3929
铱,3930
浃,3931
狐,3932
芗,3933
涕,3934
夼,3935
罔,3936
窿,3937
眩,3938
蓦,3939
J,3940
毓,3941
甄,3942
辘,3943
簌,3944
搪,3945
彝,3946
暹,3947
忐,3948
漯,3949
沏,3950
茸,3951
臾,3952
蹿,3953
菩,3954
怦,3955
莠,3956
峥,3957
蚂,3958
茏,3959
铨,3960
卤,3961
盹,3962
箕,3963
梵,3964
赝,3965
妍,3966
飨,3967
遒,3968
悸,3969
苫,3970
褶,3971
厝,3972
O,3973
湍,3974
霏,3975
籁,3976
馅,3977
裨,3978
赭,3979
咒,3980
籼,3981
龛,3982
淦,3983
ｑ,3984
彷,3985
酯,3986
麝,3987
裾,3988
疹,3989
嘟,3990
兖,3991
霭,3992
幺,3993
铤,3994
苣,3995
壕,3996
玖,3997
楫,3998
藩,3999
绢,4000
岫,4001
澎,4002
蠕,4003
篝,4004
卯,4005
咂,4006
啄,4007
佃,4008
彗,4009
砥,4010
诰,4011
晟,4012
肋,4013
躇,4014
唠,4015
豌,4016
烬,4017
铐,4018
畿,4019
涸,4020
喋,4021
钛,4022
蓿,4023
砰,4024
咛,4025
嗷,4026
睿,4027
酗,4028
嬗,4029
渑,4030
嗣,4031
筠,4032
咆,4033
懿,4034
钕,4035
嘶,4036
揩,4037
蹼,4038
蟀,4039
贼,4040
枷,4041
嫣,4042
吝,4043
鲸,4044
擞,4045
暧,4046
谕,4047
滦,4048
孀,4049
遴,4050
Ｑ,4051
峋,4052
苜,4053
捶,4054
嶙,4055
桢,4056
沽,4057
徕,4058
楹,4059
撇,4060
谚,4061
邳,4062
蔼,4063
湟,4064
胭,4065
稔,4066
缎,4067
脯,4068
漩,4069
砻,4070
宸,4071
轶,4072
愕,4073
蟋,4074
遨,4075
苓,4076
D,4077
闺,4078
窦,4079
萱,4080
癖,4081
嗒,4082
硼,4083
霾,4084
辫,4085
雯,4086
耙,4087
徨,4088
搔,4089
爹,4090
鲢,4091
筏,4092
Ｚ,4093
哎,4094
莆,4095
洱,4096
钜,4097
踱,4098
摁,4099
肮,4100
泯,4101
镛,4102
娉,4103
祉,4104
悌,4105
羹,4106
娣,4107
挎,4108
焘,4109
骧,4110
蜕,4111
穹,4112
羚,4113
苎,4114
洌,4115
嵋,4116
镁,4117
佤,4118
蜓,4119
嵘,4120
掇,4121
腆,4122
姬,4123
弼,4124
赘,4125
鏊,4126
铆,4127
咭,4128
甭,4129
猗,4130
唾,4131
莓,4132
瑾,4133
惘,4134
砾,4135
瘩,4136
呻,4137
稞,4138
G,4139
瞳,4140
郅,4141
怆,4142
诙,4143
瘪,4144
砝,4145
谒,4146
偬,4147
糯,4148
泱,4149
舸,4150
芨,4151
蹋,4152
踌,4153
樵,4154
撩,4155
祚,4156
偃,4157
湃,4158
馍,4159
骰,4160
6,4161
镉,4162
枞,4163
遁,4164
叼,4165
淼,4166
芋,4167
惭,4168
楣,4169
笙,4170
偎,4171
腼,4172
鹚,4173
佯,4174
弩,4175
拇,4176
颅,4177
蟑,4178
吱,4179
啜,4180
栈,4181
蕉,4182
簧,4183
袤,4184
潼,4185
畲,4186
螟,4187
擘,4188
溴,4189
蹭,4190
锴,4191
慵,4192
糅,4193
汐,4194
榈,4195
怔,4196
覃,4197
菪,4198
铂,4199
荤,4200
鹂,4201
佝,4202
蛐,4203
槎,4204
蹬,4205
-,4206
悯,4207
佬,4208
怵,4209
柩,4210
洮,4211
`,4212
贲,4213
醛,4214
瑕,4215
瓮,4216
偻,4217
幡,4218
芥,4219
湎,4220
唏,4221
孺,4222
邬,4223
锏,4224
y,4225
蜷,4226
磬,4227
渚,4228
瘁,4229
肽,4230
b,4231
狡,4232
莨,4233
栎,4234
帙,4235
舷,4236
燎,4237
翎,4238
妩,4239
蜗,4240
崮,4241
娑,4242
趾,4243
皓,4244
嚓,4245
卦,4246
噶,4247
粑,4248
哆,4249
噙,4250
牍,4251
喑,4252
勺,4253
惴,4254
皑,4255
骥,4256
涪,4257
囤,4258
觑,4259
磺,4260
赳,4261
胱,4262
掬,4263
狄,4264
荻,4265
柠,4266
蜻,4267
胪,4268
A,4269
锨,4270
溽,4271
氤,4272
/,4273
牦,4274
娼,4275
岑,4276
锶,4277
倥,4278
氦,4279
槌,4280
碉,4281
嫖,4282
濑,4283
氲,4284
岌,4285
N,4286
讪,4287
妖,4288
暄,4289
谲,4290
噌,4291
麾,4292
滂,4293
粱,4294
疙,4295
揆,4296
鹩,4297
嵩,4298
嗟,4299
祯,4300
芪,4301
忿,4302
匣,4303
搡,4304
硒,4305
奚,4306
缰,4307
旯,4308
蜈,4309
涞,4310
诽,4311
铋,4312
犟,4313
淅,4314
穑,4315
闵,4316
妓,4317
嗑,4318
珩,4319
矍,4320
ｚ,4321
诧,4322
鲈,4323
珏,4324
镯,4325
蟠,4326
扈,4327
唆,4328
隍,4329
庶,4330
跹,4331
蜃,4332
孽,4333
翦,4334
昵,4335
嗔,4336
瞟,4337
仃,4338
痍,4339
T,4340
扪,4341
钳,4342
缄,4343
谶,4344
燮,4345
恙,4346
螂,4347
蜘,4348
婵,4349
吮,4350
蕤,4351
醺,4352
薰,4353
f,4354
耋,4355
拽,4356
镂,4357
藓,4358
狰,4359
唉,4360
伎,4361
呛,4362
靓,4363
汴,4364
芍,4365
皴,4366
狈,4367
撵,4368
痊,4369
唁,4370
愫,4371
傈,4372
赉,4373
檬,4374
跺,4375
敕,4376
笞,4377
卅,4378
壹,4379
Ⅳ,4380
俾,4381
蛊,4382
舔,4383
踝,4384
膻,4385
鲭,4386
叽,4387
竺,4388
谤,4389
焙,4390
镖,4391
淖,4392
绂,4393
骅,4394
塬,4395
潸,4396
溘,4397
嶂,4398
洇,4399
柘,4400
嘭,4401
俐,4402
邕,4403
耒,4404
遛,4405
罄,4406
痣,4407
韭,4408
燧,4409
笆,4410
溧,4411
嗯,4412
S,4413
④,4414
霁,4415
葳,4416
纭,4417
墉,4418
茉,4419
旮,4420
潦,4421
庥,4422
U,4423
僳,4424
辕,4425
铣,4426
嘻,4427
纰,4428
啬,4429
娲,4430
耪,4431
戕,4432
噜,4433
臼,4434
绌,4435
鹳,4436
狞,4437
蚣,4438
旎,4439
纾,4440
攥,4441
旖,4442
囱,4443
坳,4444
圹,4445
郓,4446
懊,4447
虬,4448
淬,4449
铄,4450
阡,4451
摈,4452
赅,4453
皋,4454
濮,4455
铵,4456
莴,4457
糠,4458
醋,4459
酊,4460
馥,4461
檗,4462
豚,4463
坨,4464
鸬,4465
蛰,4466
嗬,4467
睑,4468
蔺,4469
砭,4470
诛,4471
辂,4472
毡,4473
昀,4474
阙,4475
葺,4476
麸,4477
滹,4478
鼾,4479
滢,4480
盅,4481
猷,4482
泠,4483
蠖,4484
蓥,4485
溟,4486
雳,4487
鲅,4488
撙,4489
啾,4490
蕙,4491
鞅,4492
窠,4493
荏,4494
蜇,4495
啕,4496
洄,4497
檄,4498
遑,4499
骁,4500
霹,4501
蕲,4502
腴,4503
睨,4504
蓊,4505
飕,4506
忖,4507
苕,4508
氽,4509
v,4510
纣,4511
缥,4512
熨,4513
烩,4514
藐,4515
骷,4516
痂,4517
诮,4518
K,4519
矸,4520
挈,4521
庖,4522
趸,4523
诏,4524
绺,4525
ｘ,4526
恽,4527
叱,4528
婀,4529
鳍,4530
篼,4531
涎,4532
∥,4533
轫,4534
蛳,4535
讷,4536
掂,4537
骝,4538
啉,4539
抡,4540
倭,4541
畈,4542
鳅,4543
蛾,4544
谀,4545
＊,4546
嚎,4547
墒,4548
忒,4549
欹,4550
跛,4551
蘖,4552
［,4553
蹇,4554
讣,4555
Ⅰ,4556
埯,4557
槁,4558
馐,4559
靛,4560
趔,4561
蹩,4562
庾,4563
妾,4564
舛,4565
嗖,4566
椴,4567
苌,4568
裆,4569
浜,4570
悻,4571
杳,4572
焯,4573
孬,4574
桠,4575
纶,4576
谩,4577
姹,4578
羟,4579
黢,4580
铛,4581
獐,4582
捋,4583
吠,4584
咤,4585
捭,4586
菖,4587
楂,4588
瘸,4589
邰,4590
&,4591
餮,4592
揖,4593
聩,4594
鳝,4595
嗨,4596
毽,4597
胼,4598
濠,4599
蚤,4600
桨,4601
珈,4602
锒,4603
孳,4604
圩,4605
潞,4606
咙,4607
饨,4608
玮,4609
洵,4610
箢,4611
淞,4612
娄,4613
蛎,4614
啭,4615
棰,4616
翳,4617
胯,4618
涮,4619
俪,4620
凼,4621
昱,4622
吭,4623
圄,4624
阑,4625
玷,4626
杈,4627
裱,4628
囹,4629
匐,4630
剡,4631
垭,4632
姣,4633
盂,4634
笤,4635
仝,4636
桎,4637
斫,4638
湄,4639
蛤,4640
缈,4641
骊,4642
＝,4643
龋,4644
玑,4645
嘬,4646
瓤,4647
鸵,4648
吩,4649
孑,4650
砼,4651
澹,4652
咔,4653
桤,4654
罟,4655
呗,4656
靴,4657
箴,4658
誊,4659
坻,4660
疝,4661
荀,4662
仨,4663
撷,4664
蔫,4665
佗,4666
蠡,4667
飚,4668
漶,4669
睢,4670
鬣,4671
驷,4672
嗤,4673
轳,4674
噘,4675
嗦,4676
诅,4677
亓,4678
琥,4679
侏,4680
鏖,4681
喳,4682
锃,4683
炀,4684
枸,4685
茔,4686
疵,4687
瞿,4688
趄,4689
胝,4690
哒,4691
幛,4692
砷,4693
恸,4694
苷,4695
寮,4696
翕,4697
耄,4698
棂,4699
ⅱ,4700
奘,4701
酽,4702
咚,4703
髅,4704
嬴,4705
篓,4706
蚋,4707
阖,4708
苒,4709
糜,4710
匍,4711
鸾,4712
剃,4713
貂,4714
涑,4715
滏,4716
筚,4717
饬,4718
铙,4719
瞌,4720
憷,4721
堀,4722
髯,4723
拗,4724
饕,4725
牾,4726
仟,4727
丞,4728
厥,4729
梏,4730
啻,4731
鳟,4732
堑,4733
W,4734
逄,4735
臀,4736
孱,4737
霈,4738
逅,4739
揍,4740
→,4741
脓,4742
蓓,4743
鎏,4744
儆,4745
猾,4746
捻,4747
聿,4748
馄,4749
挞,4750
牯,4751
琰,4752
塾,4753
阉,4754
怂,4755
嫱,4756
霆,4757
疸,4758
吒,4759
竽,4760
鲳,4761
匕,4762
榛,4763
蹁,4764
冽,4765
］,4766
糌,4767
獭,4768
泫,4769
咣,4770
恻,4771
],4772
唢,4773
骛,4774
嵊,4775
伉,4776
榫,4777
腋,4778
邂,4779
淙,4780
揄,4781
?,4782
诟,4783
躏,4784
噗,4785
蹉,4786
銮,4787
爿,4788
蛘,4789
痉,4790
蕖,4791
碣,4792
鹇,4793
驯,4794
缗,4795
剌,4796
＆,4797
邈,4798
妗,4799
缱,4800
艮,4801
琏,4802
觚,4803
麒,4804
擢,4805
莅,4806
彀,4807
呷,4808
嫔,4809
膘,4810
钇,4811
俚,4812
蕃,4813
袈,4814
狸,4815
瞵,4816
脘,4817
w,4818
攫,4819
圪,4820
蝠,4821
痱,4822
鲑,4823
髹,4824
鹞,4825
钡,4826
闰,4827
娆,4828
檩,4829
荃,4830
妞,4831
仫,4832
龉,4833
伽,4834
橥,4835
啪,4836
鹧,4837
镭,4838
夔,4839
猥,4840
鹉,4841
茴,4842
猬,4843
钬,4844
牒,4845
幄,4846
珙,4847
焖,4848
煲,4849
揿,4850
澶,4851
凇,4852
绦,4853
蛸,4854
钤,4855
妁,4856
啖,4857
镣,4858
耷,4859
剜,4860
蔷,4861
螳,4862
娌,4863
+,4864
蝼,4865
仄,4866
蚱,4867
酃,4868
钍,4869
诎,4870
佚,4871
疃,4872
筵,4873
煦,4874
伥,4875
仞,4876
嶷,4877
踔,4878
婕,4879
龇,4880
潆,4881
褴,4882
殍,4883
槲,4884
诨,4885
蠓,4886
篙,4887
槿,4888
掮,4889
亳,4890
滓,4891
嚏,4892
睇,4893
ⅰ,4894
喟,4895
汊,4896
酪,4897
跄,4898
诘,4899
啁,4900
腠,4901
泗,4902
鸢,4903
龈,4904
錾,4905
缃,4906
:,4907
芾,4908
舐,4909
鞘,4910
姗,4911
煨,4912
骟,4913
晗,4914
泔,4915
荜,4916
钋,4917
樯,4918
悴,4919
铰,4920
搦,4921
嫦,4922
翮,4923
眭,4924
缫,4925
酩,4926
痞,4927
浯,4928
晔,4929
锑,4930
炔,4931
耧,4932
腭,4933
桴,4934
庵,4935
苘,4936
黠,4937
衩,4938
碓,4939
α,4940
腩,4941
鸳,4942
屐,4943
惺,4944
谫,4945
膂,4946
铠,4947
鬃,4948
＞,4949
鸪,4950
茌,4951
杵,4952
叻,4953
鬟,4954
倬,4955
睥,4956
郫,4957
桀,4958
粝,4959
阄,4960
蚶,4961
诒,4962
秭,4963
喙,4964
踮,4965
绻,4966
闳,4967
俟,4968
奂,4969
枰,4970
廪,4971
皲,4972
蝗,4973
魇,4974
⑸,4975
阗,4976
Y,4977
泷,4978
撅,4979
歃,4980
闩,4981
酹,4982
痢,4983
狯,4984
氐,4985
甥,4986
艄,4987
桅,4988
踉,4989
跎,4990
萤,4991
伧,4992
殄,4993
潋,4994
弑,4995
喽,4996
趵,4997
聒,4998
阆,4999
岷,5000
诩,5001
髫,5002
剁,5003
肛,5004
窨,5005
蜥,5006
懑,5007
俦,5008
锷,5009
鄢,5010
琚,5011
袢,5012
砧,5013
蹂,5014
醍,5015
颔,5016
胴,5017
巳,5018
鸯,5019
贰,5020
霎,5021
檎,5022
〕,5023
楔,5024
鹗,5025
缙,5026
撸,5027
赓,5028
鹄,5029
鳄,5030
郴,5031
谗,5032
煊,5033
痈,5034
噱,5035
舫,5036
岿,5037
陂,5038
弁,5039
龃,5040
豢,5041
颍,5042
甙,5043
羸,5044
琨,5045
颞,5046
鬻,5047
酞,5048
〔,5049
裟,5050
俎,5051
恿,5052
帛,5053
埙,5054
酡,5055
濂,5056
囔,5057
茯,5058
沣,5059
瘙,5060
腱,5061
拈,5062
蜞,5063
㈨,5064
轺,5065
鳗,5066
耦,5067
碴,5068
臊,5069
呓,5070
谑,5071
戟,5072
捱,5073
葩,5074
荪,5075
爻,5076
浔,5077
抻,5078
婶,5079
鲶,5080
榉,5081
笈,5082
薮,5083
灏,5084
璎,5085
柒,5086
讫,5087
鹦,5088
祜,5089
煜,5090
邡,5091
韪,5092
沤,5093
噎,5094
刽,5095
瓯,5096
篑,5097
谔,5098
瘢,5099
铌,5100
掐,5101
塍,5102
殓,5103
疴,5104
唳,5105
谡,5106
锟,5107
焐,5108
锗,5109
楝,5110
醴,5111
馗,5112
妯,5113
黏,5114
悚,5115
唬,5116
宦,5117
哧,5118
戛,5119
揶,5120
腈,5121
殇,5122
篁,5123
佰,5124
垌,5125
蚬,5126
赧,5127
嗲,5128
皿,5129
忻,5130
踅,5131
隗,5132
沔,5133
馏,5134
刈,5135
髋,5136
辎,5137
崂,5138
荞,5139
侬,5140
辇,5141
笮,5142
蠹,5143
妪,5144
壅,5145
酾,5146
芫,5147
妫,5148
毂,5149
掳,5150
觞,5151
敝,5152
踹,5153
褥,5154
咯,5155
燹,5156
剐,5157
婧,5158
抿,5159
歆,5160
颚,5161
廛,5162
褛,5163
梆,5164
卟,5165
怄,5166
氵,5167
埝,5168
鳕,5169
黟,5170
舀,5171
晌,5172
壬,5173
荬,5174
蚧,5175
辚,5176
挛,5177
粳,5178
貉,5179
戡,5180
羿,5181
旌,5182
诂,5183
荨,5184
羌,5185
醐,5186
牖,5187
晁,5188
疱,5189
憔,5190
搐,5191
郏,5192
陛,5193
蟾,5194
诃,5195
戾,5196
鲱,5197
曜,5198
觏,5199
栀,5200
滟,5201
箪,5202
疽,5203
廿,5204
雉,5205
岙,5206
粲,5207
瘼,5208
宥,5209
跗,5210
